{
  "annotations_file": "data/annotations/manual_review.csv",
  "annotated_rows": 500,
  "class_counts": {
    "0": 382,
    "1": 118
  },
  "results": [
    {
      "accuracy": 0.732,
      "precision": 0.4365079365079365,
      "recall": 0.4661016949152542,
      "f1": 0.45081967213114754,
      "roc_auc": 0.7062516638565978,
      "model": "distilbert-base-uncased",
      "threshold": 0.18951824903488101,
      "checkpoint": "/Users/pavelnehaenko/Desktop/\u0418\u0422\u041c\u041e/nlp_disaster_tweets_project/models/distilbert/checkpoint-762"
    },
    {
      "accuracy": 0.79,
      "precision": 0.7096774193548387,
      "recall": 0.1864406779661017,
      "f1": 0.2953020134228188,
      "roc_auc": 0.8022450971692252,
      "model": "tfidf_logreg",
      "threshold": 0.48000000000000004
    },
    {
      "accuracy": 0.44,
      "precision": 0.19548872180451127,
      "recall": 0.4406779661016949,
      "f1": 0.2708333333333333,
      "roc_auc": 0.4402342710089627,
      "model": "original_kaggle_label"
    }
  ]
}